MUNICIPALITY,SCHOOL ID,SCHOOL NAME,PROGRAM OFFERINGS,STEM,ABM,HUMSS,GAS,TVL,Arts and Design,Sports,OFFERINGS COUNT,MUNICIPALITY COUNT
Makati City,407698,"Globetek Science Foundation, Inc.",STEM|ABM|HUMSS|GAS,True,True,True,True,False,False,False,4,
Manila City,406330,Lorenzo Ruiz Academy,ABM|STEM,True,True,False,False,False,False,False,2,
Manila City,406335,Tiong Se Academy,GAS|ABM,False,True,False,True,False,False,False,2,
Caloocan City,400942,ABE International Business College-Caloocan Campus,ABM|TVL,False,True,False,False,True,False,False,2,
Caloocan City,400947,AMA Computer College-Caloocan City,STEM|ABM|HUMSS|GAS|TVL,True,True,True,True,True,False,False,5,
Caloocan City,400951,AMA Computer Learning Center of Caloocan City,STEM|ABM|HUMSS|GAS|TVL,True,True,True,True,True,False,False,5,
Caloocan City,400952,Asian Institute of Computer Studies - Caloocan,ABM|GAS|TVL,False,True,False,True,True,False,False,3,
Caloocan City,400959,Colegio de San Gabriel Arcangel of Caloocan,ABM|GAS|TVL,False,True,False,True,True,False,False,3,
Caloocan City,400960,Datamex Institute of Computer Technology-Caloocan City,STEM|ABM|HUMSS|GAS|Arts and Design|Sports|TVL,True,True,True,True,True,True,True,7,
Caloocan City,400962,Informatics College-Caloocan,ABM|GAS|HUMSS|TVL,False,True,True,True,True,False,False,4,
Caloocan City,400967,"Lady of Lourdes Hospital and Colleges of Caybiga, Inc.",ABM|GAS|TVL,False,True,False,True,True,False,False,3,
Caloocan City,400972,Martinez Memorial Colleges,STEM|ABM|HUMSS|GAS|TVL,True,True,True,True,True,False,False,5,
Caloocan City,400978,STI College - Caloocan,STEM|ABM|HUMSS|GAS|TVL,True,True,True,True,True,False,False,5,
Caloocan City,405537,Access Computer and Technical College-Camarin Campus,TVL,False,False,False,False,True,False,False,1,
Caloocan City,405544,Access Computer and Technical College-Monumento Campus,TVL,False,False,False,False,True,False,False,1,
Caloocan City,405581,APEC Schools-Grace Park West,GAS|ABM,False,True,False,True,False,False,False,2,
Caloocan City,405583,"Asian Caregiving and Technology Education Centers, Inc.-Caloocan",TVL,False,False,False,False,True,False,False,1,
Caloocan City,405602,"Emmanuel John Institute of Science & Technology, Inc.",TVL,False,False,False,False,True,False,False,1,
Caloocan City,406395,Lorraine Technical School,TVL,False,False,False,False,True,False,False,1,
Caloocan City,406674,Anchor of Life Academy,ABM|HUMSS|GAS,False,True,True,True,False,False,False,3,
Caloocan City,406677,"Divine Mercy College Foundation, Inc.",ABM|GAS|TVL,False,True,False,True,True,False,False,3,
Caloocan City,406678,La Consolacion College-Caloocan City,ABM|GAS|STEM|HUMSS|TVL,True,True,True,True,True,False,False,5,
Caloocan City,406681,Notre Dame of Greater Manila,STEM|ABM|HUMSS|GAS|TVL,True,True,True,True,True,False,False,5,
Caloocan City,406683,Philippine Cultural College-Caloocan Campus,GAS|ABM|STEM|HUMSS,True,True,True,True,False,False,False,4,
Caloocan City,406685,St. Mary's Academy of Caloocan City,ABM|HUMSS|GAS|STEM|Arts and Design|Sports|TVL,True,True,True,True,True,True,True,7,
Caloocan City,406686,Systems Plus Computer College-Caloocan,STEM|ABM|HUMSS|GAS|TVL,True,True,True,True,True,False,False,5,
Caloocan City,406688,Baesa Adventist Academy,ABM|HUMSS|GAS|TVL,False,True,True,True,True,False,False,4,
Caloocan City,406691,"World Citi Colleges-Caloocan, Inc.",ABM|STEM|GAS|TVL,True,True,False,True,True,False,False,4,
Caloocan City,406696,Manila Central University,ABM|STEM|HUMSS|TVL,True,True,True,False,True,False,False,4,
Caloocan City,406698,St. Dominic Savio College,ABM|HUMSS|STEM,True,True,True,False,False,False,False,3,
Caloocan City,406711,Holy Redeemer School of Kalookan,ABM,False,True,False,False,False,False,False,1,
Caloocan City,406712,Maranatha Christian Academy of Caloocan,GAS|TVL,False,False,False,True,True,False,False,2,
Caloocan City,406713,"Mystical Rose School of Caloocan, Inc.",GAS|ABM|STEM|TVL,True,True,False,True,True,False,False,4,
Caloocan City,406714,"Newland Center for Education, Inc.",TVL,False,False,False,False,True,False,False,1,
Caloocan City,406715,Our Lady of Lourdes Catholic School,HUMSS,False,False,True,False,False,False,False,1,
Caloocan City,406717,St. Clare College of Caloocan,ABM|HUMSS|Sports|Arts and Design|TVL,False,True,True,False,True,True,True,5,
Caloocan City,406725,Holy Rosary College Foundation,GAS,False,False,False,True,False,False,False,1,
Caloocan City,406726,Immaculada Concepcion Colleges,ABM|HUMSS|Sports|TVL,False,True,True,False,True,False,True,4,
Caloocan City,406729,"St. Joseph College of Novaliches, Inc.",ABM|HUMSS|STEM|GAS,True,True,True,True,False,False,False,4,
Caloocan City,406732,"Guardian Angel School, Inc",STEM|ABM,True,True,False,False,False,False,False,2,
Caloocan City,406733,Holy Infant Montessori Center,ABM|HUMSS|GAS,False,True,True,True,False,False,False,3,
Caloocan City,406734,La Consolacion College - Novaliches,ABM|GAS|STEM|HUMSS|Sports|Arts and Design|TVL,True,True,True,True,True,True,True,7,
Caloocan City,406736,"Rosary Hills International School, Inc.",GAS|ABM|STEM|HUMSS|Sports|TVL,True,True,True,True,True,False,True,6,
Caloocan City,406740,"St. Benedict School of Novaliches, Inc.",STEM|ABM,True,True,False,False,False,False,False,2,
Caloocan City,406743,St. Raphaela Mary School,GAS,False,False,False,True,False,False,False,1,
Caloocan City,406745,St. Therese of Rose School,GAS|ABM|HUMSS,False,True,True,True,False,False,False,3,
Caloocan City,406746,Bloomington Middle and Grade School,GAS|HUMSS,False,False,True,True,False,False,False,2,
Caloocan City,406747,"The Immaculate Mother Academy, Inc.",GAS|HUMSS|ABM|TVL,False,True,True,True,True,False,False,4,
Caloocan City,407034,"Cieverose College, Inc.",TVL,False,False,False,False,True,False,False,1,
Caloocan City,407449,"St. Francis Technical Institute for Development, Training and Competency Assessment Inc.",GAS|TVL,False,False,False,True,True,False,False,2,
Caloocan City,407463,"Interface Computer College, Inc.",ABM|TVL,False,True,False,False,True,False,False,2,
Caloocan City,483505,St. Agnes Academy of Caloocan,GAS|TVL,False,False,False,True,True,False,False,2,
Caloocan City,483507,Regina Coeli Education Centre Foundation,ABM|GAS|TVL,False,True,False,True,True,False,False,3,
Caloocan City,483508,"St. John Academy of Bagong Silang Caloocan, Inc.",ABM|GAS,False,True,False,True,False,False,False,2,
Caloocan City,483510,"Dr. Rosita B. Britanico (Formerly Edosma Academy of Camarin, Inc.)",TVL,False,False,False,False,True,False,False,1,
Caloocan City,483512,"E.M. Castro Educational Foundation, Inc.",GAS|ABM|STEM|HUMSS|TVL,True,True,True,True,True,False,False,5,
Caloocan City,483517,St. Mary Goretti School,ABM|STEM|HUMSS|GAS|Arts and Design|Sports|TVL,True,True,True,True,True,True,True,7,
Caloocan City,483519,"Pledge of Love School, Inc.",ABM|HUMSS|GAS,False,True,True,True,False,False,False,3,
Caloocan City,483521,"St. Vincent de Ferrer College of Camarin, Inc.",STEM|ABM|HUMSS|GAS|TVL,True,True,True,True,True,False,False,5,
Caloocan City,483526,"Young Achievers' School of Caloocan, Inc.",GAS|ABM|STEM|HUMSS|TVL,True,True,True,True,True,False,False,5,
Caloocan City,483528,Golden Link College Foundation,GAS|ABM|HUMSS|STEM|TVL,True,True,True,True,True,False,False,5,
Caloocan City,483540,"Genesis Christian Academy of Caloocan, Inc.",GAS|HUMSS|ABM,False,True,True,True,False,False,False,3,
Caloocan City,483541,Mother of Divine Grace Academy,GAS|ABM|TVL,False,True,False,True,True,False,False,3,
Caloocan City,483545,"Holy Angel School of Caloocan, Inc.",GAS|HUMSS|ABM|STEM,True,True,True,True,False,False,False,4,
Caloocan City,483548,"Escuela de Sophia of Caloocan, Inc.",STEM|HUMSS|GAS|ABM|Sports|TVL,True,True,True,True,True,False,True,6,
Caloocan City,483550,Knowledgeville School of Excellence,ABM,False,True,False,False,False,False,False,1,
Caloocan City,483551,Our Lord's Angels School Inc.,ABM|HUMSS|GAS,False,True,True,True,False,False,False,3,
Caloocan City,483552,"Escuela San Gabriel De Arcangel Foundation, Inc",ABM|GAS|TVL,False,True,False,True,True,False,False,3,
Caloocan City,483558,Rhexane Academy Inc.,GAS|TVL,False,False,False,True,True,False,False,2,
Caloocan City,483559,"University of the East, Caloocan City",GAS|ABM|STEM|HUMSS|Arts and Design|Sports|TVL,True,True,True,True,True,True,True,7,
Caloocan City,483568,"Christ Jeross Christian Academy, Inc.",GAS|HUMSS|ABM,False,True,True,True,False,False,False,3,
Caloocan City,483569,Ridgewood School of Caloocan,GAS|STEM|ABM|HUMSS|Arts and Design|TVL,True,True,True,True,True,True,False,6,
Caloocan City,483570,"Academy of Saint Andrew-Caloocan, Inc.",GAS|HUMSS|ABM,False,True,True,True,False,False,False,3,
Caloocan City,483587,"Sagrada Familia School of Caloocan, Inc.",GAS|ABM|HUMSS,False,True,True,True,False,False,False,3,
Caloocan City,483620,St. Vincent Institute of Technology,GAS|STEM|TVL,True,False,False,True,True,False,False,3,
Caloocan City,483653,Our Lady of Grace School of Caloocan,GAS|ABM|HUMSS|Sports|TVL,False,True,True,True,True,False,True,5,
Caloocan City,600199,University of Caloocan City,ABM|HUMSS,False,True,True,False,False,False,False,2,
Caloocan City,1406680,Northern Rizal Yorklin School,STEM|ABM|GAS|TVL,True,True,False,True,True,False,False,4,
Las Piñas City,400988,AMA Computer Learning Center of Las Piñas,TVL,False,False,False,False,True,False,False,1,
Makati City,401728,SoFa Design Institute,Arts and Design,False,False,False,False,False,True,False,1,
Muntinlupa City,407333,Sacred Heart Institute,HUMSS,False,False,True,False,False,False,False,1,
Valenzuela City,407189,St. Therese of the Child Jesus Jesus Kidz Academy,ABM,False,True,False,False,False,False,False,1,
Caloocan City,406720,"Sta. Elena School of Novaliches, Inc.",GAS,False,False,False,True,False,False,False,1,
Caloocan City,407302,Montessori Professional College - Caloocan,GAS|TVL,False,False,False,True,True,False,False,2,
Las Piñas City,400981,ABE International College of Business and Economics-Las Piñas City,ABM|GAS|HUMSS|STEM|TVL,True,True,True,True,True,False,False,5,
Las Piñas City,400986,AMA Computer College-Las Piñas City,STEM|ABM|HUMSS|GAS|TVL,True,True,True,True,True,False,False,5,
Las Piñas City,400997,Southville International School and Colleges,STEM|ABM|HUMSS|GAS,True,True,True,True,False,False,False,4,
Las Piñas City,400999,St. Augustine College-Las Piñas City,ABM|STEM|GAS|HUMSS|TVL,True,True,True,True,True,False,False,5,
Las Piñas City,401000,STI College - Las Piñas,STEM|GAS|ABM|TVL,True,True,False,True,True,False,False,4,
Las Piñas City,405614,AMA Basic Education of Las Piñas City,STEM|ABM|GAS|HUMSS|TVL,True,True,True,True,True,False,False,5,
Las Piñas City,405630,Dr. Filemon C. Aguilar Information Technology Training Institute,TVL,False,False,False,False,True,False,False,1,
Las Piñas City,405657,"International Electronics and Technical Institute, Inc.-Las Piñas City",TVL,False,False,False,False,True,False,False,1,
Las Piñas City,405660,Southville International School Affiliated with Foreign Universities,ABM|GAS|TVL,False,True,False,True,True,False,False,3,
Las Piñas City,405952,"AZGH College, Inc.",TVL,False,False,False,False,True,False,False,1,
Las Piñas City,406276,Datamex Institute of Computer Technology-Las Piñas City,TVL,False,False,False,False,True,False,False,1,
Las Piñas City,406499,"Asian Caregiving and Technology Education Centers, Inc. - Las Piñas",TVL,False,False,False,False,True,False,False,1,
Las Piñas City,407036,Philippine Merchant Marine School,ABM|STEM|HUMSS,True,True,True,False,False,False,False,3,
Las Piñas City,407078,"Young Achievers International School, Inc.",ABM|GAS|TVL,False,True,False,True,True,False,False,3,
Las Piñas City,407079,Bernardo College,ABM|HUMSS|GAS|TVL,False,True,True,True,True,False,False,4,
Las Piñas City,407082,"Camella School, Inc.",ABM|GAS|HUMSS,False,True,True,True,False,False,False,3,
Las Piñas City,407085,Divine Light Academy - Las Piñas City,ABM|STEM|GAS|HUMSS,True,True,True,True,False,False,False,4,
Las Piñas City,407087,Holy Rosary Academy of Las Piñas City,STEM|ABM|HUMSS|GAS,True,True,True,True,False,False,False,4,
Las Piñas City,407090,Brittany School of Las Piñas,ABM,False,True,False,False,False,False,False,1,
Las Piñas City,407103,St. Joseph's Academy,STEM|GAS|TVL,True,False,False,True,True,False,False,3,
Las Piñas City,407104,St. Mark's Institute,ABM,False,True,False,False,False,False,False,1,
Las Piñas City,407105,"St. Michael's School, Inc.",ABM|HUMSS|GAS,False,True,True,True,False,False,False,3,
Las Piñas City,407106,Saint Therese School,ABM|GAS|TVL,False,True,False,True,True,False,False,3,
Las Piñas City,407107,University of Perpetual Help System Dalta-Las Piñas Campus,ABM|HUMSS|GAS|STEM|Sports|Arts and Design|TVL,True,True,True,True,True,True,True,7,
Las Piñas City,407109,Westfield Science-Oriented School,STEM|ABM|GAS,True,True,False,True,False,False,False,3,
Las Piñas City,407110,Augustinian Abbey School,ABM|STEM|GAS|HUMSS,True,True,True,True,False,False,False,4,
Las Piñas City,407113,Blessed Trinity School of Las Piñas,ABM|GAS,False,True,False,True,False,False,False,2,
Las Piñas City,407114,Bloomfield Academy,ABM|HUMSS|STEM,True,True,True,False,False,False,False,3,
Las Piñas City,407115,Creative Middle School,ABM,False,True,False,False,False,False,False,1,
Las Piñas City,407117,Don Carlo Cavina School,STEM|ABM|HUMSS|GAS|TVL,True,True,True,True,True,False,False,5,
Las Piñas City,407119,Elizabeth Seton School,STEM|ABM|HUMSS,True,True,True,False,False,False,False,3,
Las Piñas City,407124,Las Piñas College,ABM|STEM|GAS|HUMSS|Sports,True,True,True,True,False,False,True,5,
Las Piñas City,407127,Mary Immaculate Parish Special School,GAS|TVL,False,False,False,True,True,False,False,2,
Las Piñas City,407131,"Montessori de Manila, Inc.",GAS|STEM|ABM|HUMSS|TVL,True,True,True,True,True,False,False,5,
Las Piñas City,407133,OB Montessori Center-Las Piñas City,GAS,False,False,False,True,False,False,False,1,
Las Piñas City,407134,Our Lady of Pilar Montessori Center,ABM,False,True,False,False,False,False,False,1,
Las Piñas City,407142,Saint Francis of Assisi College,GAS|STEM|ABM|TVL,True,True,False,True,True,False,False,4,
Las Piñas City,407146,Sto. Niño De Eucharistia Academy,STEM|ABM|HUMSS,True,True,True,False,False,False,False,3,
Las Piñas City,407371,Seed Academy,TVL,False,False,False,False,True,False,False,1,
Las Piñas City,407447,APEC Schools-Naga Road,ABM|GAS,False,True,False,True,False,False,False,2,
Las Piñas City,486522,Schola de Vita,ABM,False,True,False,False,False,False,False,1,
Las Piñas City,486534,GCF South Metro Christian School,ABM|STEM|GAS|HUMSS,True,True,True,True,False,False,False,4,
Makati City,401015,ABE International Business College-Makati City,STEM|ABM|HUMSS|GAS|TVL,True,True,True,True,True,False,False,5,
Makati City,401016,"AMA Computer College, Inc.-Makati",STEM|ABM|HUMSS|GAS|TVL,True,True,True,True,True,False,False,5,
Makati City,401027,AMA Computer Learning Center of Guadalupe,STEM|ABM|HUMSS|GAS|TVL,True,True,True,True,True,False,False,5,
Makati City,401034,Asia Pacific College,GAS|ABM|STEM,True,True,False,True,False,False,False,3,
Makati City,401056,Career Academy Asia- PHINMA Education,Arts and Design|TVL,False,False,False,False,True,True,False,2,
Makati City,401059,Centro Escolar University-Makati,STEM|ABM|HUMSS,True,True,True,False,False,False,False,3,
Makati City,401067,"iACADEMY, Belair",ABM|HUMSS|GAS|Arts and Design|TVL,False,True,True,True,True,True,False,5,
Makati City,401071,Infotech Institute of Arts and Sciences-Makati Branch,TVL,False,False,False,False,True,False,False,1,
Makati City,401074,STI College - Makati,STEM|ABM|GAS|TVL,True,True,False,True,True,False,False,4,
Makati City,401670,Global City Innovative College,STEM|ABM|HUMSS|TVL,True,True,True,False,True,False,False,4,
Makati City,405667,Asian Institute of Computer Studies - Guadalupe,GAS|ABM|TVL,False,True,False,True,True,False,False,3,
Makati City,406398,International Academy of Management and Economics,GAS|TVL,False,False,False,True,True,False,False,2,
Makati City,406821,St. Paul College of Makati,STEM|ABM|HUMSS|TVL,True,True,True,False,True,False,False,4,
Makati City,406836,Assumption College,STEM|ABM|HUMSS|GAS,True,True,True,True,False,False,False,4,
Makati City,406837,Don Bosco Technical Institute - Makati,STEM|ABM|TVL,True,True,False,False,True,False,False,3,
Makati City,406841,"International Electronics and Technical Institute, Inc.-Makati",TVL,False,False,False,False,True,False,False,1,
Makati City,406844,Colegio de Sta. Rosa,STEM|ABM|HUMSS,True,True,True,False,False,False,False,3,
Makati City,406851,Colegio San Agustin-Makati,STEM|ABM|HUMSS|GAS,True,True,True,True,False,False,False,4,
Makati City,406852,Our Lady of Guadalupe Minor Seminary,GAS,False,False,False,True,False,False,False,1,
Makati City,406855,Guadalupe Catholic School,ABM|HUMSS|GAS,False,True,True,True,False,False,False,3,
Makati City,406857,4th Watch Maranatha Christian Academy of Makati,STEM|GAS,True,False,False,True,False,False,False,2,
Makati City,406858,Makati Hope Christian School,ABM|STEM,True,True,False,False,False,False,False,2,
Makati City,406863,St. Mary of the Woods School,HUMSS|GAS|Arts and Design|TVL,False,False,True,True,True,True,False,4,
Makati City,406864,Bethany Baptist Academy,STEM|HUMSS|ABM,True,True,True,False,False,False,False,3,
Makati City,407054,"Saint John Bosco Institute of Arts and Sciences, Inc. - Pio del Pilar",TVL,False,False,False,False,True,False,False,1,
Makati City,407058,"Saint John Bosco Institute of Arts and Sciences, Inc. - Makati City",TVL,False,False,False,False,True,False,False,1,
Makati City,407453,Montessori Professional College- Makati,GAS|TVL,False,False,False,True,True,False,False,2,
Makati City,485008,Light of the World Christian Academy of Makati,GAS|ABM|HUMSS,False,True,True,True,False,False,False,3,
Makati City,485013,Bloomfield Academy of Makati,STEM|ABM|HUMSS,True,True,True,False,False,False,False,3,
Makati City,485032,Reach International School Inc.,ABM|STEM|HUMSS|GAS,True,True,True,True,False,False,False,4,
Makati City,600305,University of Makati,STEM|ABM|HUMSS|Arts and Design|Sports|TVL,True,True,True,False,True,True,True,6,
Malabon City,405668,St. Catherine Institute of Technology,TVL,False,False,False,False,True,False,False,1,
Malabon City,406403,City of Malabon Polytechnic Institute,TVL,False,False,False,False,True,False,False,1,
Malabon City,406404,"College of Saint Amatiel, Inc.-Malabon",TVL,False,False,False,False,True,False,False,1,
Malabon City,407094,City of Malabon University,ABM|HUMSS,False,True,True,False,False,False,False,2,
Malabon City,407209,Philippine Malabon Cultural Institute,GAS|ABM,False,True,False,True,False,False,False,2,
Malabon City,407210,St. James Academy-Malabon City,ABM|HUMSS,False,True,True,False,False,False,False,2,
Malabon City,407211,St. Therese of the Child Jesus Academy,GAS|ABM|TVL,False,True,False,True,True,False,False,3,
Malabon City,407215,Immaculate Conception Parochial School,GAS|ABM|TVL,False,True,False,True,True,False,False,3,
Malabon City,407220,De La Salle Araneta University,ABM|HUMSS|GAS|STEM|TVL,True,True,True,True,True,False,False,5,
Malabon City,407223,Salvador Araneta Memorial Institute,ABM,False,True,False,False,False,False,False,1,
Malabon City,407229,"Higher Ground Baptist Academy Foundation, Inc.",HUMSS|GAS,False,False,True,True,False,False,False,2,
Malabon City,487514,"Probex School, Inc.",GAS|ABM|HUMSS,False,True,True,True,False,False,False,3,
Malabon City,487515,"Seibo College Foundation, Inc.",GAS,False,False,False,True,False,False,False,1,
Malabon City,487518,"Arellano University, Elisa Esguerra Campus, Jose Rizal High School",STEM|HUMSS|GAS|ABM|TVL,True,True,True,True,True,False,False,5,
Manila City,401135,"ABE International College of Business and Accountancy-Taft, Manila",ABM|TVL,False,True,False,False,True,False,False,2,
Manila City,401151,De La Salle University-Manila,STEM|ABM|HUMSS,True,True,True,False,False,False,False,3,
Manila City,401160,Emilio Aguinaldo College,HUMSS|STEM|ABM|Sports|TVL,True,True,True,False,True,False,True,5,
Manila City,401188,Lyceum of the Philippines University-Manila,GAS|ABM|STEM|HUMSS|Arts and Design|Sports|TVL,True,True,True,True,True,True,True,7,
Manila City,401193,Mapua Institute of Technology-Intramuros Campus,ABM|GAS|HUMSS|STEM,True,True,True,True,False,False,False,4,
Manila City,401242,"Philippine College of Health Sciences, Inc.",GAS |STEM|TVL,True,False,False,True,True,False,False,3,
Manila City,401293,St. Paul University-Manila,ABM|HUMSS|STEM|GAS|Arts and Design|TVL,True,True,True,True,True,True,False,6,
Manila City,401303,STI College - Taft,GAS|ABM|STEM|TVL,True,True,False,True,True,False,False,4,
Manila City,401319,The Manila Times College - Manila,HUMSS,False,False,True,False,False,False,False,1,
Manila City,405684,Industrial Advancement Academy of the Philippines,TVL,False,False,False,False,True,False,False,1,
Manila City,406359,Adamson University,GAS |ABM |STEM |HUMSS,True,True,True,True,False,False,False,4,
Manila City,406360,Colegio de San Juan de Letran,GAS|ABM|STEM|HUMSS|TVL,True,True,True,True,True,False,False,5,
Manila City,406363,Ermita Catholic School,ABM|GAS|STEM|TVL,True,True,False,True,True,False,False,4,
Manila City,406364,Jesus Reigns Christian Academy,ABM|HUMSS|GAS|STEM|Arts and Design,True,True,True,True,False,True,False,5,
Manila City,406366,Malate Catholic School,STEM |HUMSS |GAS |ABM|TVL,True,True,True,True,True,False,False,5,
Manila City,406367,Philippine Christian University,HUMSS|STEM|ABM|Sports|TVL,True,True,True,False,True,False,True,5,
Manila City,406368,Philippine Women's University-Manila,Sports|Arts and Design|TVL,False,False,False,False,True,True,True,3,
Manila City,406370,St. Anthony School,ABM|STEM|HUMSS|TVL,True,True,True,False,True,False,False,4,
Manila City,406371,St. Scholastica's College-Manila,ABM|STEM|GAS|Arts and Design|Sports|TVL,True,True,False,True,True,True,True,6,
Manila City,406372,Santa Isabel College - Manila,ABM|STEM|HUMSS|GAS,True,True,True,True,False,False,False,4,
Manila City,407466,Colegio de Sta. Rosa,STEM|ABM,True,True,False,False,False,False,False,2,
Manila City,482002,Aguinaldo International School,GAS,False,False,False,True,False,False,False,1,
Manila City,600201,Pamantasan ng Lungsod ng Maynila,ABM|STEM|HUMSS,True,True,True,False,False,False,False,3,
Manila City,600202,Technological University of the Philippines-Manila,STEM|TVL,True,False,False,False,True,False,False,2,
Mandaluyong City,401091,AMA Computer College-Mandaluyong City,STEM|ABM|HUMSS|GAS|TVL,True,True,True,True,True,False,False,5,
Mandaluyong City,401114,"Our Lady of Guadalupe Colleges, Inc.",STEM|ABM|TVL,True,True,False,False,True,False,False,3,
Mandaluyong City,401132,St. Augustine School of Nursing-Mandaluyong City,ABM|STEM|HUMSS|GAS|TVL,True,True,True,True,True,False,False,5,
Mandaluyong City,401134,STI College - Shaw,GAS|STEM|ABM|TVL,True,True,False,True,True,False,False,4,
Mandaluyong City,405670,International Training Center and Hospitality Institute,TVL,False,False,False,False,True,False,False,1,
Mandaluyong City,406749,Don Bosco Technical College,STEM|ABM|TVL,True,True,False,False,True,False,False,3,
Mandaluyong City,406750,Good Shepherd Christian School,STEM|ABM|GAS,True,True,False,True,False,False,False,3,
Mandaluyong City,406751,Namei Polytechnic Institute,STEM|HUMSS|GAS,True,False,True,True,False,False,False,3,
Mandaluyong City,406753,Arellano University-Plaridel Campus,GAS|ABM|HUMSS|STEM|Sports|Arts and Design|TVL,True,True,True,True,True,True,True,7,
Mandaluyong City,406754,San Felipe Neri Parochial School,STEM|ABM|HUMSS|GAS|TVL,True,True,True,True,True,False,False,5,
Mandaluyong City,406756,International Baptist College,GAS|HUMSS|ABM|TVL,False,True,True,True,True,False,False,4,
Mandaluyong City,406757,Jose Rizal University,STEM|ABM|HUMSS|GAS|Arts and Design|Sports|TVL,True,True,True,True,True,True,True,7,
Mandaluyong City,406758,"La Salle-Green Hills, Inc",STEM|HUMSS|ABM,True,True,True,False,False,False,False,3,
Mandaluyong City,406760,Lourdes School of Mandaluyong,ABM|STEM|HUMSS|GAS,True,True,True,True,False,False,False,4,
Mandaluyong City,407284,"Saint John Bosco Institute of Arts and Sciences, Inc-Mandaluyong City",TVL,False,False,False,False,True,False,False,1,
Mandaluyong City,407372,Gateways Institute of Science and Technology (GIST) - Mandaluyong,TVL,False,False,False,False,True,False,False,1,
Mandaluyong City,484014,La Salle Green Hills Adult Night High School,ABM|GAS|TVL,False,True,False,True,True,False,False,3,
Mandaluyong City,484019,Key School Manila Inc.,ABM|HUMSS,False,True,True,False,False,False,False,2,
Mandaluyong City,600110,Rizal Technological University-Mandaluyong,STEM|HUMSS|ABM|Sports|TVL,True,True,True,False,True,False,True,5,
Manila City,407454,Montessori Professional College- Manila,GAS|TVL,False,False,False,True,True,False,False,2,
Manila City,401150,Centro Escolar University-Manila,STEM|ABM|HUMSS|TVL,True,True,True,False,True,False,False,4,
Manila City,406308,"La Consolacion College, Mendiola",STEM|ABM|GAS|HUMSS,True,True,True,True,False,False,False,4,
Manila City,406351,"Don Bosco School, Inc",STEM|HUMSS|ABM,True,True,True,False,False,False,False,3,
Manila City,407627,De Ocampo Memorial College,HUMSS|ABM|TVL,False,True,True,False,True,False,False,3,
Manila City,482043,College of the Holy Spirit of Manila,STEM|HUMSS|ABM|GAS|Arts and Design|TVL,True,True,True,True,True,True,False,6,
Manila City,600200,Universidad de Manila,ABM|STEM|HUMSS|TVL,True,True,True,False,True,False,False,4,
Marikina City,401327,AMA Computer Learning Center of Cainta,STEM|ABM|GAS|TVL,True,True,False,True,True,False,False,4,
Marikina City,401328,"St. Chamuel Institute of Technology (Marikina City, Inc.)",TVL,False,False,False,False,True,False,False,1,
Marikina City,401329,STI College - Marikina,ABM|HUMSS|GAS|TVL,False,True,True,True,True,False,False,4,
Marikina City,405685,Berean Crosspointe International Marikina,GAS|ABM,False,True,False,True,False,False,False,2,
Marikina City,405687,"IETI College of Science and Technology, Inc.-Marikina",TVL,False,False,False,False,True,False,False,1,
Marikina City,406069,Pamantasan ng Lungsod ng Marikina,ABM|STEM|HUMSS,True,True,True,False,False,False,False,3,
Marikina City,406766,Jesus' Flock Academy,STEM|ABM|HUMSS|GAS,True,True,True,True,False,False,False,4,
Marikina City,406768,Marikina Catholic School,ABM|STEM|HUMSS,True,True,True,False,False,False,False,3,
Marikina City,406773,Nuestra Señora De Guia Academy of Marikina,STEM|ABM|HUMSS|TVL,True,True,True,False,True,False,False,4,
Marikina City,406779,Roosevelt College Marikina,ABM|STEM|GAS|HUMSS|TVL,True,True,True,True,True,False,False,5,
Marikina City,406783,Celestial Village Academy,GAS|ABM|TVL,False,True,False,True,True,False,False,3,
Marikina City,406784,Charis School,GAS|Arts and Design,False,False,False,True,False,True,False,2,
Marikina City,406787,Infant Jesus Academy- Marikina City,STEM|ABM|HUMSS|GAS,True,True,True,True,False,False,False,4,
Marikina City,406788,Ingenium School,STEM|HUMSS|ABM,True,True,True,False,False,False,False,3,
Marikina City,406789,"Jehoshua Christian School, Inc.",ABM|GAS,False,True,False,True,False,False,False,2,
Marikina City,406790,The Academy of God's Children,STEM|GAS,True,False,False,True,False,False,False,2,
Marikina City,406797,Marikina Christian Integrated School,GAS,False,False,False,True,False,False,False,1,
Marikina City,406798,Marist School,ABM|STEM|HUMSS|GAS|Arts and Design|Sports|TVL,True,True,True,True,True,True,True,7,
Marikina City,406805,Mother of Divine Providence School,STEM|GAS,True,False,False,True,False,False,False,2,
Marikina City,406806,"MSH Sisters Academy of Marikina, Inc.",HUMSS|TVL,False,False,True,False,True,False,False,2,
Marikina City,406807,National Christian Life College,STEM|HUMSS|ABM|GAS|TVL,True,True,True,True,True,False,False,5,
Marikina City,406808,Our Lady of Perpetual Succor College,STEM|ABM|HUMSS|GAS|TVL,True,True,True,True,True,False,False,5,
Marikina City,406811,Redeemed in Christ School,ABM|HUMSS|GAS|STEM,True,True,True,True,False,False,False,4,
Marikina City,406814,St. Nicholas School of Marikina,ABM|HUMSS|GAS,False,True,True,True,False,False,False,3,
Marikina City,407270,"College of Arts and Sciences of Asia & the Pacific - Marikina City, Inc.",ABM|HUMSS|GAS|TVL,False,True,True,True,True,False,False,4,
Marikina City,407373,APEC Schools Concepcion Dos,ABM,False,True,False,False,False,False,False,1,
Marikina City,407394,St. Camillus College Seminary,HUMSS,False,False,True,False,False,False,False,1,
Marikina City,407455,Montessori Professional College- Marikina,GAS|TVL,False,False,False,True,True,False,False,2,
Marikina City,407467,St. Scholastica's Academy,STEM|ABM|HUMSS|GAS|Arts and Design,True,True,True,True,False,True,False,5,
Marikina City,484513,Gentle Angels School,GAS|TVL,False,False,False,True,True,False,False,2,
Marikina City,484519,San Lorenzo Ruiz de Manila School of Marikina City,ABM|TVL,False,True,False,False,True,False,False,2,
Marikina City,484530,Irvinghall School,GAS|ABM|HUMSS|TVL,False,True,True,True,True,False,False,4,
Marikina City,484569,APEC Schools Concepcion Uno,ABM,False,True,False,False,False,False,False,1,
Marikina City,484570,"AFFORDABLE PRIVATE EDUCATION CENTER, INC. APEC SCHOOLS - CALUMPANG",ABM,False,True,False,False,False,False,False,1,
Marikina City,600204,Marikina Polytechnic College,STEM|TVL,True,False,False,False,True,False,False,2,
Muntinlupa City,401332,"Informatics College Northgate, Inc.",ABM|GAS|HUMSS|TVL,False,True,True,True,True,False,False,4,
Muntinlupa City,401337,Informatics Computer Institute-Filinvest,ABM|TVL,False,True,False,False,True,False,False,2,
Muntinlupa City,401340,"Marianum College, Inc.",ABM|HUMSS|GAS,False,True,True,True,False,False,False,3,
Muntinlupa City,401349,"St. Chamuel Institute of Technology (Muntinlupa City, Inc.)",TVL,False,False,False,False,True,False,False,1,
Muntinlupa City,401360,STI College - Alabang,ABM|HUMSS|GAS|TVL,False,True,True,True,True,False,False,4,
Muntinlupa City,401369,Christ the King College of Science and Technology,ABM|HUMSS|GAS|Sports|TVL,False,True,True,True,True,False,True,5,
Muntinlupa City,401372,"Facilities Management College, Inc.",ABM|GAS|TVL,False,True,False,True,True,False,False,3,
Muntinlupa City,401377,"Westbay College, Inc.",STEM|ABM|HUMSS|GAS|TVL,True,True,True,True,True,False,False,5,
Muntinlupa City,405688,APEC Schools-Muntinlupa,GAS|ABM,False,True,False,True,False,False,False,2,
Muntinlupa City,405691,"International Electronics and Technical Institute College, Inc.- Alabang",ABM|TVL,False,True,False,False,True,False,False,2,
Muntinlupa City,406277,"Datamex Institute of Computer Technology-Poblacion, Muntinlupa",TVL,False,False,False,False,True,False,False,1,
Muntinlupa City,406414,"AMA Computer Learning Center of Muntinlupa, Inc.",GAS|ABM|TVL,False,True,False,True,True,False,False,3,
Muntinlupa City,407311,Colegio Dela Nuestra Señora  De Guadalupe,HUMSS|STEM|GAS|ABM|TVL,True,True,True,True,True,False,False,5,
Muntinlupa City,407321,Living Light Academy,ABM|GAS,False,True,False,True,False,False,False,2,
Muntinlupa City,407324,"Mary, Cause of Our Joy Catholic School",GAS|Arts and Design,False,False,False,True,False,True,False,2,
Muntinlupa City,407328,Muntinlupa Cosmopolitan School,GAS|ABM,False,True,False,True,False,False,False,2,
Muntinlupa City,407335,South Crest School,ABM|GAS,False,True,False,True,False,False,False,2,
Muntinlupa City,407336,Southernside Montessori School,GAS|STEM|ABM|Arts and Design,True,True,False,True,False,True,False,4,
Muntinlupa City,407349,"De La Salle Santiago Zobel School, Inc.",STEM|ABM|HUMSS|GAS|Arts and Design,True,True,True,True,False,True,False,5,
Muntinlupa City,407350,Br. Rafael Donato FSC Night High School,GAS|TVL,False,False,False,True,True,False,False,2,
Muntinlupa City,407355,Maria Montessori Foundation,ABM|GAS|HUMSS,False,True,True,True,False,False,False,3,
Muntinlupa City,407357,"Our Lady of the Lake School, Inc.",TVL,False,False,False,False,True,False,False,1,
Muntinlupa City,407359,"PAREF Southridge School, Inc.",STEM|ABM|HUMSS|GAS,True,True,True,True,False,False,False,4,
Muntinlupa City,407360,PAREF Woodrose School Inc.,GAS,False,False,False,True,False,False,False,1,
Muntinlupa City,407362,San Roque Catholic School,STEM|GAS|TVL,True,False,False,True,True,False,False,3,
Muntinlupa City,407364,San Beda College Alabang,GAS|ABM|HUMSS|STEM|Sports|TVL,True,True,True,True,True,False,True,6,
Muntinlupa City,407365,Saint Bernadette College of Alabang,ABM|HUMSS|GAS|Arts and Design|TVL,False,True,True,True,True,True,False,5,
Muntinlupa City,407366,Saint Francis of Assisi College - Alabang,STEM|GAS|ABM,True,True,False,True,False,False,False,3,
Muntinlupa City,407374,"EJIST-VALENZUELA, Inc.",TVL,False,False,False,False,True,False,False,1,
Muntinlupa City,486545,"Lakewood School of Alabang, Inc.",STEM|ABM|GAS|TVL,True,True,False,True,True,False,False,4,
Muntinlupa City,488526,"Kennedy International School of Business and Languages, Inc.",ABM|HUMSS|GAS,False,True,True,True,False,False,False,3,
Muntinlupa City,488528,South Mansfield College,GAS|STEM|ABM|HUMSS|TVL,True,True,True,True,True,False,False,5,
Muntinlupa City,488543,"MCAcademy, Inc.",ABM,False,True,False,False,False,False,False,1,
Muntinlupa City,488551,Lyceum of Alabang,HUMSS|STEM|GAS|ABM|Sports|TVL,True,True,True,True,True,False,True,6,
Navotas City,405692,Philippine Welding Technology Skills and Services Center Inc.,TVL,False,False,False,False,True,False,False,1,
Navotas City,407233,San Jose Academy,GAS|ABM|STEM,True,True,False,True,False,False,False,3,
Navotas City,407237,Governor Andres Pascual College,GAS|ABM|HUMSS,False,True,True,True,False,False,False,3,
Navotas City,407239,La Naval Academy,ABM|GAS,False,True,False,True,False,False,False,2,
Manila City,406357,Paco Catholic School,STEM|HUMSS|ABM|GAS,True,True,True,True,False,False,False,4,
Manila City,406358,Paco Citizen Academy Foundation,GAS|ABM,False,True,False,True,False,False,False,2,
Manila City,406375,St. Peter the Apostle School,ABM|STEM|HUMSS,True,True,True,False,False,False,False,3,
Manila City,406377,Concordia College,STEM|HUMSS|ABM|GAS|Arts and Design|TVL,True,True,True,True,True,True,False,6,
Manila City,406506,AMA Computer Learning Center - Paco,ABM|GAS|HUMSS|TVL,False,True,True,True,True,False,False,4,
Manila City,406376,St. Joseph School of Pandacan,GAS|TVL,False,False,False,True,True,False,False,2,
Manila City,482020,ERDA Technical and Vocational Secondary School,TVL,False,False,False,False,True,False,False,1,
Manila City,482073,Malayan High School of Science,GAS |STEM |ABM |HUMSS,True,True,True,True,False,False,False,4,
Parañaque City,401383,AMA Computer College-Parañaque City,GAS|HUMSS|ABM|STEM|TVL,True,True,True,True,True,False,False,5,
Parañaque City,401387,Asian Institute of Computer Studies - Bicutan,ABM|GAS|TVL,False,True,False,True,True,False,False,3,
Parañaque City,401390,Immaculate Heart of Mary College - Parañaque,STEM|ABM|HUMSS|TVL,True,True,True,False,True,False,False,4,
Parañaque City,401393,PATTS College of Aeronautics,STEM|ABM,True,True,False,False,False,False,False,2,
Parañaque City,401397,Rogationist Seminary College - Manila,GAS,False,False,False,True,False,False,False,1,
Parañaque City,401402,STI College - Parañaque,GAS|HUMSS|ABM|TVL,False,True,True,True,True,False,False,4,
Parañaque City,401405,"Universal Colleges of Parañaque, Inc.",ABM|HUMSS|STEM|GAS|TVL,True,True,True,True,True,False,False,5,
Parañaque City,405697,Datamex Institute of Computer Technology-Parañaque City,TVL,False,False,False,False,True,False,False,1,
Parañaque City,405698,"Go Tec International Business School, Inc.",ABM|TVL,False,True,False,False,True,False,False,2,
Parañaque City,405700,Premiere Computer Learning Center Inc.,ABM|TVL,False,True,False,False,True,False,False,2,
Parañaque City,405863,College of Divine Wisdom,HUMSS|GAS,False,False,True,True,False,False,False,2,
Parañaque City,406283,Sapphire International Aviation Academy,TVL,False,False,False,False,True,False,False,1,
Parañaque City,406872,Infotech College Institute of Arts and Sciences-Parañaque,TVL,False,False,False,False,True,False,False,1,
Parañaque City,406875,"Young Masters Academy, Inc.",ABM|GAS,False,True,False,True,False,False,False,2,
Parañaque City,406972,Ann Arbor Montessori Learning Center,ABM|STEM|HUMSS|TVL,True,True,True,False,True,False,False,4,
Parañaque City,406973,Arandia College,ABM|STEM|Arts and Design|TVL,True,True,False,False,True,True,False,4,
Parañaque City,406975,Blessed Luisa School,HUMSS|GAS,False,False,True,True,False,False,False,2,
Parañaque City,406983,Marymount School,ABM|HUMSS|TVL,False,True,True,False,True,False,False,3,
Parañaque City,406993,Golden Achievers Academy of Parañaque,STEM|ABM|GAS,True,True,False,True,False,False,False,3,
Parañaque City,406998,Shekinah Christian Training Center,GAS|STEM|TVL,True,False,False,True,True,False,False,3,
Parañaque City,407010,Escuela de San Lorenzo Ruiz,ABM,False,True,False,False,False,False,False,1,
Parañaque City,407019,International Christian Academy,GAS|Arts and Design,False,False,False,True,False,True,False,2,
Parañaque City,407023,"Kid's Choice Academy, Inc.",GAS|ABM|TVL,False,True,False,True,True,False,False,3,
Parañaque City,407030,LH Montessori High Inc.,HUMSS|GAS,False,False,True,True,False,False,False,2,
Parañaque City,407032,Manresa School,STEM|GAS,True,False,False,True,False,False,False,2,
Parañaque City,407041,Olivarez College - Parañaque,HUMSS|STEM|GAS|ABM|Sports|TVL,True,True,True,True,True,False,True,6,
Parañaque City,407046,Ramon Pascual Institute,ABM|STEM|GAS,True,True,False,True,False,False,False,3,
Parañaque City,407047,Regina Maria Montessori,GAS,False,False,False,True,False,False,False,1,
Parañaque City,407048,Regis-Grace Montessori School Corp.,GAS|ABM,False,True,False,True,False,False,False,2,
Parañaque City,407052,St. Andrew's School,GAS|STEM|ABM|HUMSS|TVL,True,True,True,True,True,False,False,5,
Parañaque City,407055,Saint Francis Academy,ABM,False,True,False,False,False,False,False,1,
Parañaque City,407059,St. Paul College of Parañaque,STEM|ABM|HUMSS|Arts and Design|TVL,True,True,True,False,True,True,False,5,
Parañaque City,407068,The Master's Academy,GAS,False,False,False,True,False,False,False,1,
Parañaque City,407070,United Christian Academy,TVL,False,False,False,False,True,False,False,1,
Parañaque City,407072,Veritas Parochial School,ABM|HUMSS|TVL,False,True,True,False,True,False,False,3,
Parañaque City,407074,Ville St. John Academy,ABM|GAS|STEM,True,True,False,True,False,False,False,3,
Parañaque City,407673,Marymount Academy - Extension,ABM|HUMSS|TVL,False,True,True,False,True,False,False,3,
Parañaque City,486041,"NBCA International School, Inc.",ABM|GAS,False,True,False,True,False,False,False,2,
Parañaque City,486043,Brainshire Science School,ABM|GAS,False,True,False,True,False,False,False,2,
Parañaque City,486045,Philippine Christian School of Tomorrow,STEM|ABM|HUMSS|GAS,True,True,True,True,False,False,False,4,
Parañaque City,486048,Create and Learning Paths School,GAS,False,False,False,True,False,False,False,1,
Parañaque City,486052,ICLA Christian Academy,GAS|Arts and Design,False,False,False,True,False,True,False,2,
Parañaque City,486071,Singapore School Manila,ABM|Arts and Design,False,True,False,False,False,True,False,2,
Parañaque City,486075,"APEC Schools-Sta. Rita, Sucat",GAS|ABM,False,True,False,True,False,False,False,2,
Pasay City,401412,Manila Adventist College,STEM|ABM|HUMSS,True,True,True,False,False,False,False,3,
Pasay City,401414,Manila Tytana Colleges,GAS|ABM|STEM|HUMSS|TVL,True,True,True,True,True,False,False,5,
Pasay City,401421,Metro Business College,ABM|HUMSS,False,True,True,False,False,False,False,2,
Pasay City,401429,"San Juan de Dios Foundation, Inc",ABM|STEM|HUMSS |GAS|TVL,True,True,True,True,True,False,False,5,
Pasay City,401430,STI Pasay,GAS|HUMSS|TVL,False,False,True,True,True,False,False,3,
Pasay City,406519,Datamex Institute of Computer Technology-Pasay City,TVL,False,False,False,False,True,False,False,1,
Pasay City,406528,MFI Foundation Inc.-Pasay,TVL,False,False,False,False,True,False,False,1,
Pasay City,406647,Arellano University-Jose Abad Santos Campus,GAS|ABM|HUMSS|STEM|TVL,True,True,True,True,True,False,False,5,
Pasay City,406648,"Arellano University, Apolinario Mabini Campus",STEM|ABM|HUMSS|GAS|Arts and Design|Sports|TVL,True,True,True,True,True,True,True,7,
Pasay City,406652,Southeastern College,ABM,False,True,False,False,False,False,False,1,
Pasay City,406653,Sta. Clara Parish School,ABM|STEM|HUMSS|GAS|TVL,True,True,True,True,True,False,False,5,
Pasay City,406654,"St. Mary's Academy, Pasay City",ABM|STEM|HUMSS|GAS|Arts and Design|Sports,True,True,True,True,False,True,True,6,
Pasay City,406663,Blessed Elena Academy,ABM|GAS|HUMSS,False,True,True,True,False,False,False,3,
Pasay City,406664,"Gideon Academy, Inc.",ABM,False,True,False,False,False,False,False,1,
Pasay City,406666,Philippine Law School Lacson College,ABM,False,True,False,False,False,False,False,1,
Pasay City,406669,Philippine Pasay Chung Hua Academy,ABM|HUMSS,False,True,True,False,False,False,False,2,
Pasay City,407456,Montessori Professional College- Pasay,GAS|TVL,False,False,False,True,True,False,False,2,
Pasay City,407601,Integrated School of Science,STEM|ABM|HUMSS|GAS|TVL,True,True,True,True,True,False,False,5,
Pasay City,483013,Wesleyan College of Manila,ABM|GAS,False,True,False,True,False,False,False,2,
Pasay City,483030,Air Link International Aviation College,GAS|STEM|ABM|HUMSS|TVL,True,True,True,True,True,False,False,5,
Pasay City,483035,APEC Schools-Roxas Boulevard,GAS|ABM,False,True,False,True,False,False,False,2,
Pasay City,600205,Philippine State College of Aeronautics-Villamor Airbase Campus,STEM|ABM,True,True,False,False,False,False,False,2,
Pasig City,401433,AMA Computer College-Pasig City,STEM|ABM|HUMSS|GAS|TVL,True,True,True,True,True,False,False,5,
Pasig City,401434,College of Arts & Sciences of Asia & the Pacific,ABM|HUMSS|GAS|TVL,False,True,True,True,True,False,False,4,
Pasig City,401438,"Infotech Institute of Arts & Sciences, Inc.",TVL,False,False,False,False,True,False,False,1,
Pasig City,401440,MFI Foundation Inc.-Pasig,GAS|TVL,False,False,False,True,True,False,False,2,
Pasig City,401442,"St. Chamuel Institute of Technology (Pasig City, Inc.)",TVL,False,False,False,False,True,False,False,1,
Pasig City,405701,Access Computer and Technical Colleges-Pasig Campus,TVL,False,False,False,False,True,False,False,1,
Pasig City,405866,University of Asia and the Pacific,ABM|HUMSS,False,True,True,False,False,False,False,2,
Pasig City,405957,"St. John's Academy Senior High School, Inc.",TVL,False,False,False,False,True,False,False,1,
Pasig City,406529,"Saint John Bosco Institute of Arts and Sciences, Inc-Rotonda",TVL,False,False,False,False,True,False,False,1,
Pasig City,406532,"Asian Summit College Foundation, Inc.",HUMSS|ABM|TVL,False,True,True,False,True,False,False,3,
Pasig City,406873,La Immaculada Concepcion School,STEM|ABM|HUMSS|TVL,True,True,True,False,True,False,False,4,
Pasig City,406879,St. Gabriel International School,STEM|ABM|TVL,True,True,False,False,True,False,False,3,
Pasig City,406883,"Academia de Sta. Martha, Inc.",ABM,False,True,False,False,False,False,False,1,
Pasig City,406889,Pasig Catholic College,ABM|STEM|HUMSS|GAS|Sports|Arts and Design|TVL,True,True,True,True,True,True,True,7,
Pasig City,406892,"Sta. Marta Educational Center, Inc.",ABM|GAS,False,True,False,True,False,False,False,2,
Pasig City,406895,GCF International Christian School,HUMSS|ABM|GAS,False,True,True,True,False,False,False,3,
Pasig City,406905,St. Paul College-Pasig,STEM|ABM|HUMSS|GAS|Arts and Design|Sports|TVL,True,True,True,True,True,True,True,7,
Pasig City,406908,Victory Christian International School,GAS,False,False,False,True,False,False,False,1,
Pasig City,406913,Dee Hwa Liong Academy,STEM|ABM|TVL,True,True,False,False,True,False,False,3,
Pasig City,406916,Greenville College,ABM|HUMSS|GAS,False,True,True,True,False,False,False,3,
Pasig City,406920,Inocencio School Montessori Playschool,GAS,False,False,False,True,False,False,False,1,
Pasig City,406926,Our Lady of Perpetual Help School,ABM|GAS|TVL,False,True,False,True,True,False,False,3,
Pasig City,406938,Arellano University-Andres Bonifacio Campus,STEM|ABM|HUMSS|GAS|Arts and Design|Sports|TVL,True,True,True,True,True,True,True,7,
Pasig City,406939,La Consolacion College-Pasig,STEM|ABM|HUMSS|GAS|Sports|TVL,True,True,True,True,True,False,True,6,
Pasig City,406942,"Niño Jesus House of Studies, Inc.",ABM|TVL,False,True,False,False,True,False,False,2,
Pasig City,406943,Pasig Christian Academy,GAS|ABM|Arts and Design,False,True,False,True,False,True,False,3,
Pasig City,406944,Pasig Community School,STEM|ABM|GAS,True,True,False,True,False,False,False,3,
Pasig City,406946,Sacred Heart Academy-Pasig,GAS|ABM|HUMSS|STEM|TVL,True,True,True,True,True,False,False,5,
Pasig City,406997,"Datamex College of Computer Technology-Brgy. San Jose, Pasig City",TVL,False,False,False,False,True,False,False,1,
Pasig City,406999,"Datamex Institute of Computer Technology-Kapasigan, Pasig City",TVL,False,False,False,False,True,False,False,1,
Pasig City,407287,Infotech College Institute of Arts and Sciences-Pasig,TVL,False,False,False,False,True,False,False,1,
Pasig City,407457,Montessori Professional College- Pasig,GAS|TVL,False,False,False,True,True,False,False,2,
Pasig City,485548,Domuschola International School,GAS,False,False,False,True,False,False,False,1,
Pasig City,485559,"St. Paul College, Pasig-Father Louis Chauvet Foundation Inc.",GAS|TVL,False,False,False,True,True,False,False,2,
Pasig City,485564,Lord's Hand Academy,GAS|TVL,False,False,False,True,True,False,False,2,
Pasig City,485607,Capellan Institute of Technology-Pasig City,TVL,False,False,False,False,True,False,False,1,
Pasig City,485609,CCF Life Academy Foundation Inc.,ABM|HUMSS|STEM,True,True,True,False,False,False,False,3,
Pasig City,485614,APEC Schools - C. Raymundo,ABM|GAS,False,True,False,True,False,False,False,2,
Pasig City,600184,Rizal Technological University-Pasig,ABM|STEM|HUMSS,True,True,True,False,False,False,False,3,
Pateros,401672,Pateros Technological College,ABM|HUMSS|GAS|TVL,False,True,True,True,True,False,False,4,
Pateros,407299,Pateros Catholic School,GAS|STEM|ABM|HUMSS|Arts and Design|TVL,True,True,True,True,True,True,False,6,
Pateros,407303,Saint Genevieve School of Pateros,GAS,False,False,False,True,False,False,False,1,
Pateros,488141,APEC Schools-Pateros,ABM,False,True,False,False,False,False,False,1,
Quezon City,401443,ABE International Business College-Commonwealth,ABM|STEM|TVL,True,True,False,False,True,False,False,3,
Quezon City,401445,ABE International College of Business and Accountancy-Cubao,ABM|GAS|HUMSS|STEM|TVL,True,True,True,True,True,False,False,5,
Quezon City,401447,AMA Computer College-Farview,ABM|GAS|HUMSS|TVL,False,True,True,True,True,False,False,4,
Quezon City,401448,AMA Computer University,ABM|STEM|GAS|HUMSS|TVL,True,True,True,True,True,False,False,5,
Quezon City,401450,"Asian College of Science and Technology Foundation, Inc.-Quezon City",ABM|GAS|TVL,False,True,False,True,True,False,False,3,
Quezon City,401451,Asian Institute of Computer Studies - Commonwealth,ABM|STEM|GAS|TVL,True,True,False,True,True,False,False,4,
Quezon City,401453,Bestlink College of the Philippines,GAS |ABM |HUMSS |STEM|Arts and Design|TVL,True,True,True,True,True,True,False,6,
Quezon City,401455,CIIT College of Arts and Technology,TVL,False,False,False,False,True,False,False,1,
Quezon City,401457,Colegio de Sta. Teresa de Avila Foundation Inc.,HUMSS|GAS|ABM|TVL,False,True,True,True,True,False,False,4,
Quezon City,401458,"Datamex Institute of Computer Technology-Fairview, Quezon City",ABM|STEM|GAS|HUMSS|Arts and Design|Sports|TVL,True,True,True,True,True,True,True,7,
Quezon City,401459,Diliman College,ABM|TVL,False,True,False,False,True,False,False,2,
Quezon City,401468,Electron College of Technical Education,GAS|ABM|TVL,False,True,False,True,True,False,False,3,
Quezon City,401471,Far Eastern University-Nicanor Reyes Medical Foundation,STEM,True,False,False,False,False,False,False,1,
Quezon City,401473,Gates Professional Schools,ABM,False,True,False,False,False,False,False,1,
Quezon City,401474,"Gardner College Diliman, Inc. (Formerly: Informatics College Quezon City, Inc.)",ABM|STEM|TVL,True,True,False,False,True,False,False,3,
Quezon City,401478,Informatics - Quezon City,GAS|ABM|HUMSS|TVL,False,True,True,True,True,False,False,4,
Quezon City,401485,Informatics College-Fairview,HUMSS|TVL,False,False,True,False,True,False,False,2,
Quezon City,401486,"Integrated Innovation and Hospitality Colleges, Inc.",ABM|TVL,False,True,False,False,True,False,False,2,
Quezon City,401488,International School for Culinary Arts and Hotel Management-Quezon City,TVL,False,False,False,False,True,False,False,1,
Quezon City,401490,Microcadd Institute Inc.,TVL,False,False,False,False,True,False,False,1,
Quezon City,401493,Miriam College Adult Education,TVL,False,False,False,False,True,False,False,1,
Quezon City,401495,National Polytechnic College of Science and Technology-Lagro,TVL,False,False,False,False,True,False,False,1,
Quezon City,401500,National Polytechnic College of Science and Technology-Novaliches,GAS|ABM|HUMSS,False,True,True,True,False,False,False,3,
Quezon City,401505,New England College,GAS|HUMSS|ABM|TVL,False,True,True,True,True,False,False,4,
Quezon City,401511,PNTC Colleges,ABM|GAS,False,True,False,True,False,False,False,2,
Quezon City,401513,Republican College,ABM|GAS,False,True,False,True,False,False,False,2,
Quezon City,401520,Samson College of Science and Technology (Quezon City),GAS|TVL,False,False,False,True,True,False,False,2,
Quezon City,401527,"Southeast Asian College, Inc.",GAS|HUMSS|STEM|TVL,True,False,True,True,True,False,False,4,
Quezon City,401529,"St. Augustine College-Lagro, Quezon City",ABM|TVL,False,True,False,False,True,False,False,2,
Quezon City,401531,St. Augustine College-Quezon City,ABM|STEM|TVL,True,True,False,False,True,False,False,3,
Quezon City,401541,St. Bernadette of Lourdes College,ABM|HUMSS|TVL,False,True,True,False,True,False,False,3,
Quezon City,401544,"St. John Technological College of the Philippines, Inc.",TVL,False,False,False,False,True,False,False,1,
Quezon City,401551,STI College - Cubao,STEM|ABM|HUMSS|GAS|TVL,True,True,True,True,True,False,False,5,
Quezon City,401553,STI College - Fairview,GAS|ABM|STEM|HUMSS|TVL,True,True,True,True,True,False,False,5,
Quezon City,401556,STI College - Muñoz - EDSA,STEM|ABM|HUMSS|GAS|TVL,True,True,True,True,True,False,False,5,
Quezon City,401579,STI College - Novaliches,STEM|ABM|HUMSS|GAS|TVL,True,True,True,True,True,False,False,5,
Quezon City,401596,STI College - Quezon Ave.,GAS|ABM|HUMSS|TVL,False,True,True,True,True,False,False,4,
Quezon City,401619,Systems Plus Computer College-Cubao,GAS|ABM|TVL,False,True,False,True,True,False,False,3,
Quezon City,401624,Technological Institute of the Philippines-Quezon City,ABM|STEM|HUMSS|GAS,True,True,True,True,False,False,False,4,
Quezon City,401721,Asia School of Arts and Sciences Inc.,GAS|ABM|HUMSS,False,True,True,True,False,False,False,3,
Quezon City,405707,Access Computer and Technical College-Cubao 2 Campus,TVL,False,False,False,False,True,False,False,1,
Quezon City,405709,APEC Schools - V. Luna,GAS|ABM,False,True,False,True,False,False,False,2,
Quezon City,405712,"Asian Caregiving and Technology Education Centers-Cubao (ACTEC-CUBAO), Inc.",TVL,False,False,False,False,True,False,False,1,
Quezon City,405713,Far East Academy of Training and Development,ABM,False,True,False,False,False,False,False,1,
Quezon City,405714,"People of Grace Christian Schools Foundation, Inc",GAS,False,False,False,True,False,False,False,1,
Quezon City,405965,"Global Minds Academy of the Philippines, Inc.",ABM|HUMSS|GAS|TVL,False,True,True,True,True,False,False,4,
Quezon City,405979,"Philippine School for Maritime and Medical Access, Inc",TVL,False,False,False,False,True,False,False,1,
Quezon City,406018,Abraham Dumlao Colleges of the Phils.,TVL,False,False,False,False,True,False,False,1,
Quezon City,406081,Quezon City Polytechnic University-Main,ABM|STEM|Arts and Design|TVL,True,True,False,False,True,True,False,4,
Quezon City,406385,Angelicum College,STEM|GAS|HUMSS|ABM|TVL,True,True,True,True,True,False,False,5,
Quezon City,406387,Lourdes School Quezon City,STEM|GAS,True,False,False,True,False,False,False,2,
Quezon City,406390,Philippine Buddhacare Academy,ABM,False,True,False,False,False,False,False,1,
Quezon City,406391,Quezon City Christian Academy,ABM|STEM,True,True,False,False,False,False,False,2,
Quezon City,406392,Sacred Heart Academy of La Loma,HUMSS|GAS|ABM,False,True,True,True,False,False,False,3,
Quezon City,406393,"St. Theresa's College, Quezon City",ABM|STEM|HUMSS|GAS,True,True,True,True,False,False,False,4,
Quezon City,406396,Philadelphia High School,STEM|ABM,True,True,False,False,False,False,False,2,
Quezon City,406397,Siena College of Quezon City,HUMSS|STEM|ABM|TVL,True,True,True,False,True,False,False,4,
Quezon City,406401,"Hope Christian Academy Foundation, Inc.",ABM|STEM|HUMSS|GAS,True,True,True,True,False,False,False,4,
Quezon City,406402,Infant Jesus Learning Academy of Quezon City,GAS |ABM,False,True,False,True,False,False,False,2,
Quezon City,406407,Philippine Women's University- Quezon City,STEM|ABM|HUMSS|GAS|Arts and Design|Sports|TVL,True,True,True,True,True,True,True,7,
Quezon City,406408,St. Claire School Basic Education,ABM|GAS,False,True,False,True,False,False,False,2,
Quezon City,406409,St. Vincent School of Quezon City,GAS|ABM|Sports,False,True,False,True,False,False,True,3,
Quezon City,406411,"Glendale School, Inc.",GAS,False,False,False,True,False,False,False,1,
Quezon City,406413,Quezon City Academy,STEM |HUMSS,True,False,True,False,False,False,False,2,
Quezon City,406415,St. Patrick School,ABM|GAS|HUMSS|TVL,False,True,True,True,True,False,False,4,
Quezon City,406416,Sto. Niño Parochial School,STEM|ABM|TVL,True,True,False,False,True,False,False,3,
Quezon City,406417,Colegio de San Lorenzo,ABM|HUMSS,False,True,True,False,False,False,False,2,
Quezon City,406418,AMA Computer Learning Center - Commonwealth,ABM|TVL,False,True,False,False,True,False,False,2,
Quezon City,406419,AMA Computer Learning Center - Cubao,ABM|TVL,False,True,False,False,True,False,False,2,
Quezon City,406420,"Ste. Anne de Beaupre School, Inc.",ABM|HUMSS|STEM|GAS|TVL,True,True,True,True,True,False,False,5,
Quezon City,406423,AMA Computer Learning Center - Greater Lagro,ABM|TVL,False,True,False,False,True,False,False,2,
Quezon City,406426,Dr. Carlos S. Lanting College,ABM|HUMSS|GAS|STEM|TVL,True,True,True,True,True,False,False,5,
Quezon City,406431,"Marymount School of Quezon City, Inc.",GAS,False,False,False,True,False,False,False,1,
Quezon City,406432,New Era University - Quezon City,ABM|STEM|GAS|HUMSS|Arts and Design|Sports|TVL,True,True,True,True,True,True,True,7,
Quezon City,406433,Saint Anthony Academy of Q.C.,ABM,False,True,False,False,False,False,False,1,
Quezon City,406436,St. James College of Quezon City,GAS|STEM|HUMSS|ABM|TVL,True,True,True,True,True,False,False,5,
Quezon City,406439,College of St. Catherine Quezon City,STEM|ABM|HUMSS|GAS|TVL,True,True,True,True,True,False,False,5,
Quezon City,406440,Villagers Montessori College,ABM|HUMSS|STEM|GAS|TVL,True,True,True,True,True,False,False,5,
Quezon City,406441,Francisco School,ABM|STEM|HUMSS|GAS|TVL,True,True,True,True,True,False,False,5,
Quezon City,406442,Grace Christian College,ABM|STEM|HUMSS,True,True,True,False,False,False,False,3,
Quezon City,406446,Colegio de San Bartolome de Novaliches,HUMSS,False,False,True,False,False,False,False,1,
Quezon City,406450,King's Montessori School,GAS|ABM,False,True,False,True,False,False,False,2,
Quezon City,406452,Marian School of Quezon City,ABM|STEM|HUMSS|TVL,True,True,True,False,True,False,False,4,
Quezon City,406455,ODB Montessori School of Novaliches,GAS|TVL,False,False,False,True,True,False,False,2,
Quezon City,406457,Springfield School of Novaliches,STEM|ABM|HUMSS|GAS,True,True,True,True,False,False,False,4,
Quezon City,406458,St. John of Beverley School,GAS|ABM|HUMSS|STEM,True,True,True,True,False,False,False,4,
Quezon City,406460,Golden Valley Academy,TVL,False,False,False,False,True,False,False,1,
Quezon City,406464,International Christian School,STEM|ABM|HUMSS|GAS,True,True,True,True,False,False,False,4,
Quezon City,406467,"Maranatha Christian Academy of Novaliches, Inc.",GAS|TVL,False,False,False,True,True,False,False,2,
Quezon City,406474,Divine Grace School,HUMSS|GAS,False,False,True,True,False,False,False,2,
Quezon City,406476,Ina ng Buhay Catholic School,GAS,False,False,False,True,False,False,False,1,
Quezon City,406480,Mater Carmeli School,STEM,True,False,False,False,False,False,False,1,
Quezon City,406482,Metro Manila College,ABM|STEM|HUMSS|GAS|Sports|TVL,True,True,True,True,True,False,True,6,
Quezon City,406484,Our Lady of Fatima University-Quezon City,GAS|ABM|STEM|HUMSS,True,True,True,True,False,False,False,4,
Quezon City,406485,Our Lady of Lourdes College of Novaliches,ABM|HUMSS|GAS|TVL,False,True,True,True,True,False,False,4,
Quezon City,406486,Sacred Heart Academy,GAS |ABM |HUMSS |STEM|TVL,True,True,True,True,True,False,False,5,
Quezon City,406487,School of Saint Anthony,ABM|STEM|HUMSS|TVL,True,True,True,False,True,False,False,4,
Quezon City,406488,St. Francis Xavier Catholic School,GAS|HUMSS,False,False,True,True,False,False,False,2,
Quezon City,406489,St. Jerome School of Novaliches,GAS,False,False,False,True,False,False,False,1,
Quezon City,406492,St. Theresa's School of Novaliches,GAS|STEM|HUMSS|ABM,True,True,True,True,False,False,False,4,
Quezon City,406493,"St. Vincent de Paul Academy of Novaliches, Inc.",STEM|ABM,True,True,False,False,False,False,False,2,
Quezon City,406500,"Bethel Christian School of Fairview, Inc.",HUMSS|STEM,True,False,True,False,False,False,False,2,
Quezon City,406503,Capitol Hills Christian School,GAS,False,False,False,True,False,False,False,1,
Quezon City,406507,Christian Family Center School Foundation,ABM|HUMSS|TVL,False,True,True,False,True,False,False,3,
Quezon City,406513,Far Eastern University Diliman,HUMSS|GAS|STEM|ABM|Sports,True,True,True,True,False,False,True,5,
Quezon City,406516,"Garden of Life School, Inc.",ABM|GAS,False,True,False,True,False,False,False,2,
Quezon City,406517,"Gideon School of Quezon City, Inc.",GAS|TVL,False,False,False,True,True,False,False,2,
Quezon City,406521,Good Shepherd Cathedral School,ABM|STEM|HUMSS,True,True,True,False,False,False,False,3,
Quezon City,406533,Access Computer and Technical College-Lagro Campus,TVL,False,False,False,False,True,False,False,1,
Quezon City,406537,Access Computer and Technical Colleges-Zabarte Campus,TVL,False,False,False,False,True,False,False,1,
Quezon City,406539,Mother of Perpetual Help School,ABM|HUMSS|TVL,False,True,True,False,True,False,False,3,
Quezon City,406541,National College of Business and Arts - Fairview,ABM|GAS,False,True,False,True,False,False,False,2,
Quezon City,406544,Our Lady of Mercy School of Quezon City,GAS,False,False,False,True,False,False,False,1,
Quezon City,406548,Peacemaker International Christian Academy,ABM|GAS,False,True,False,True,False,False,False,2,
Quezon City,406555,School of the Holy Spirit -Quezon City,ABM|GAS|STEM|HUMSS|Arts and Design,True,True,True,True,False,True,False,5,
Quezon City,406557,Sisters of Mount Carmel Catholic School,HUMSS|ABM,False,True,True,False,False,False,False,2,
Quezon City,406559,"St. Anthony De Padua Learning School (Batasan), Inc.",GAS|TVL,False,False,False,True,True,False,False,2,
Quezon City,406570,TD&S Hope Christian Academy,HUMSS|STEM|ABM|Arts and Design|Sports,True,True,True,False,False,True,True,5,
Quezon City,406572,The Seed Montessori School,STEM|HUMSS|ABM|TVL,True,True,True,False,True,False,False,4,
Quezon City,406575,Ateneo de Manila University,ABM|STEM|HUMSS|GAS,True,True,True,True,False,False,False,4,
Quezon City,406577,Benedictine International School,ABM|GAS,False,True,False,True,False,False,False,2,
Quezon City,406581,Diliman Preparatory School,STEM|HUMSS|GAS,True,False,True,True,False,False,False,3,
Quezon City,406582,Kostka School of Quezon City,GAS|ABM|HUMSS,False,True,True,True,False,False,False,3,
Quezon City,406583,Miriam College,ABM|STEM|HUMSS|GAS,True,True,True,True,False,False,False,4,
Quezon City,406585,Reedley International School,STEM|HUMSS|GAS|ABM,True,True,True,True,False,False,False,4,
Quezon City,406586,St. Bridget School,STEM|HUMSS|ABM,True,True,True,False,False,False,False,3,
Quezon City,406589,St. Joseph Catholic School,GAS|ABM,False,True,False,True,False,False,False,2,
Quezon City,406590,Stella Maris College,HUMSS,False,False,True,False,False,False,False,1,
Quezon City,406592,"The Living Epistle Christian Academy, Inc.",ABM,False,True,False,False,False,False,False,1,
Quezon City,406599,JCSGO Christian Academy,ABM|HUMSS|GAS|TVL,False,True,True,True,True,False,False,4,
Quezon City,406601,Roosevelt College Cubao,ABM|STEM|HUMSS|GAS,True,True,True,True,False,False,False,4,
Quezon City,406603,Claret School of Quezon City,ABM|STEM|HUMSS|GAS,True,True,True,True,False,False,False,4,
Quezon City,406605,"Gospel Light Christian Academy of Q.C, Inc.",GAS,False,False,False,True,False,False,False,1,
Quezon City,406606,"Holy Family School of Quezon City, Inc.",ABM|HUMSS|STEM,True,True,True,False,False,False,False,3,
Quezon City,406616,Holy Spirit School,ABM|STEM|HUMSS|GAS|Arts and Design,True,True,True,True,False,True,False,5,
Quezon City,406617,Immaculate Conception Cathedral School,STEM|ABM|TVL,True,True,False,False,True,False,False,3,
Quezon City,406618,Jubilee Christian Academy,HUMSS|GAS|ABM|STEM,True,True,True,True,False,False,False,4,
Quezon City,406620,Saint Pedro Poveda College,GAS|ABM|STEM|HUMSS,True,True,True,True,False,False,False,4,
Quezon City,406622,St. Paul University-Quezon City,HUMSS|STEM|ABM|Arts and Design|Sports|TVL,True,True,True,False,True,True,True,6,
Quezon City,406626,Holy Family Parochial School,GAS|ABM,False,True,False,True,False,False,False,2,
Quezon City,406629,"PAREF Northfield School for the Boys, Inc.",GAS|HUMSS|ABM,False,True,True,True,False,False,False,3,
Quezon City,406632,St. Mary's College,STEM|ABM|HUMSS|GAS|Arts and Design|TVL,True,True,True,True,True,True,False,6,
Quezon City,406634,Central Colleges of the Philippines,ABM|HUMSS|GAS|STEM|TVL,True,True,True,True,True,False,False,5,
Quezon City,406636,Immaculate Heart of Mary College,GAS|TVL,False,False,False,True,True,False,False,2,
Quezon City,406639,Our Lady of the Sacred Heart School,HUMSS|GAS|ABM|STEM,True,True,True,True,False,False,False,4,
Quezon City,406640,Philippine Institute of Quezon City,GAS|ABM|STEM,True,True,False,True,False,False,False,3,
Quezon City,406644,Saint Joseph's College of Quezon City,HUMSS|ABM|Arts and Design|TVL,False,True,True,False,True,True,False,4,
Quezon City,406645,Trinity University of Asia,GAS|ABM|STEM|HUMSS|TVL,True,True,True,True,True,False,False,5,
Quezon City,407060,Datamex Institute of Computer Technology-Lagro,TVL,False,False,False,False,True,False,False,1,
Quezon City,407061,Gateways Institute of Science and Technology (GIST) - Quezon City,TVL,False,False,False,False,True,False,False,1,
Quezon City,407073,St. Dominic Institute,TVL,False,False,False,False,True,False,False,1,
Quezon City,407206,Asian Institute of Science and Technology - Fairview,TVL,False,False,False,False,True,False,False,1,
Quezon City,407289,"EJIST-VALENZUELA, Inc.",TVL,False,False,False,False,True,False,False,1,
Quezon City,407290,"Philippine Rehabilitation Institute Foundation, Inc.",STEM|TVL,True,False,False,False,True,False,False,2,
Quezon City,407343,"Asia Pacific School of Arts and Sciences, Inc.",TVL,False,False,False,False,True,False,False,1,
Quezon City,407347,"Wordlab School, Inc.",GAS,False,False,False,True,False,False,False,1,
Quezon City,407375,"AFFORDABLE PRIVATE EDUCATION CENTER, INC. APEC SCHOOLS - NEW MANILA",ABM,False,True,False,False,False,False,False,1,
Quezon City,407458,Montessori Professional College- Lagro,GAS|TVL,False,False,False,True,True,False,False,2,
Quezon City,407459,Montessori Professional College- Muñoz,GAS|TVL,False,False,False,True,True,False,False,2,
Quezon City,407468,Holy Child Academy,ABM|HUMSS|GAS,False,True,True,True,False,False,False,3,
Quezon City,407471,National College of Business and Arts - Cubao,ABM|GAS,False,True,False,True,False,False,False,2,
Quezon City,407473,Virgen De Guadalupe College of Science and Technology,TVL,False,False,False,False,True,False,False,1,
Quezon City,407474,World Citi Colleges,ABM|STEM|HUMSS|GAS|TVL,True,True,True,True,True,False,False,5,
Quezon City,407646,Scuola San Pio Di Pietrelcina,GAS,False,False,False,True,False,False,False,1,
Quezon City,407647,South East-Asia Institute of Trade and Technology,STEM|ABM|HUMSS|GAS|TVL,True,True,True,True,True,False,False,5,
Quezon City,482504,"St. Mary's School of Novaliches, Inc.",HUMSS|ABM|GAS|TVL,False,True,True,True,True,False,False,4,
Quezon City,482508,"Acelina School Inc., Montessori",ABM|HUMSS|STEM|GAS,True,True,True,True,False,False,False,4,
Quezon City,482518,"Marriott School, Inc",ABM|HUMSS|GAS,False,True,True,True,False,False,False,3,
Quezon City,482522,"Falcon School, Inc.",ABM|HUMSS|GAS|TVL,False,True,True,True,True,False,False,4,
Quezon City,482552,Lux Domine Academy,HUMSS|ABM|GAS|TVL,False,True,True,True,True,False,False,4,
Quezon City,482567,"J.P. Sioson General Hospital and Colleges, Inc.",ABM|HUMSS,False,True,True,False,False,False,False,2,
Quezon City,482574,Multiple Intelligence International School,GAS|STEM|ABM|HUMSS,True,True,True,True,False,False,False,4,
Quezon City,482582,Pace Academy,ABM|STEM,True,True,False,False,False,False,False,2,
Quezon City,482589,"Meridian International Learning Experience, Inc.",HUMSS|STEM|ABM,True,True,True,False,False,False,False,3,
Quezon City,482598,Maria Montessori School of Quezon City,ABM,False,True,False,False,False,False,False,1,
Quezon City,482607,Bloomridge Integrated School,STEM|ABM|Arts and Design|Sports,True,True,False,False,False,True,True,4,
Quezon City,482614,Jean-Baptiste of Reims College,GAS|ABM|HUMSS|STEM,True,True,True,True,False,False,False,4,
Quezon City,482617,"St. Joseph School of Fairview, Inc.",ABM|HUMSS|GAS,False,True,True,True,False,False,False,3,
Quezon City,482631,Cornerstone Christian Academy of Quezon City,HUMSS|GAS|ABM,False,True,True,True,False,False,False,3,
Quezon City,482633,Del Carmen School of Veterans Quezon City,GAS|TVL,False,False,False,True,True,False,False,2,
Quezon City,482636,St. Francis Academy of Q.C,GAS|ABM|TVL,False,True,False,True,True,False,False,3,
Quezon City,482676,"Starland International School, Inc.",GAS|TVL,False,False,False,True,True,False,False,2,
Quezon City,482693,"Romarinda International School, Inc.",GAS|ABM|TVL,False,True,False,True,True,False,False,3,
Quezon City,482699,Remnant International Christian School,GAS,False,False,False,True,False,False,False,1,
Quezon City,482732,San Jose Tagapagtanggol Parochial School,HUMSS|GAS,False,False,True,True,False,False,False,2,
Quezon City,482735,"Our Lady of Lourdes Technological College, Inc.",TVL,False,False,False,False,True,False,False,1,
Quezon City,482745,"Imelda Operio's Learning School, Inc.",STEM|HUMSS|ABM|TVL,True,True,True,False,True,False,False,4,
Quezon City,482749,Fiore Del Carmelo School,TVL,False,False,False,False,True,False,False,1,
Quezon City,482765,Mary Liane's School,ABM|HUMSS|GAS,False,True,True,True,False,False,False,3,
Quezon City,482783,"Bethel Christian School of Holy Spirit, Inc.",HUMSS|STEM,True,False,True,False,False,False,False,2,
Quezon City,482795,Our Lady of Victories Catholic School,GAS,False,False,False,True,False,False,False,1,
Quezon City,482798,Holy Spirit Preparatory Academy,GAS,False,False,False,True,False,False,False,1,
Quezon City,482814,"Mary & Child Academy of Sauyo, Inc.",GAS,False,False,False,True,False,False,False,1,
Quezon City,482815,"Temple Hill International School, Inc.",STEM|ABM|GAS,True,True,False,True,False,False,False,3,
Quezon City,482938,Bannister Academy,GAS,False,False,False,True,False,False,False,1,
Quezon City,482956,Eclaro Academy,STEM|GAS|TVL,True,False,False,True,True,False,False,3,
Quezon City,482971,"Datamex College of Saint Adeline, Inc.-Fairview",ABM|STEM|GAS|HUMSS|Arts and Design|Sports|TVL,True,True,True,True,True,True,True,7,
Quezon City,482974,Mary the Queen College of Quezon City,ABM|HUMSS|STEM|GAS|TVL,True,True,True,True,True,False,False,5,
Quezon City,(Blank),"Jbest School of Technology and Practical Skills, Inc.",TVL,False,False,False,False,True,False,False,1,
Quezon City,(Blank),"Jbest School of Technology and Practical Skills, Inc.",TVL,False,False,False,False,True,False,False,1,
Manila City,401273,Samson College of Science and Technology (Manila),STEM|ABM|HUMSS|GAS|TVL,True,True,True,True,True,False,False,5,
Manila City,401323,Technological Institute of the Philippines-Manila,HUMSS|GAS|STEM|ABM,True,True,True,True,False,False,False,4,
Manila City,405674,Access Computer and Technical College-Manila Campus,TVL,False,False,False,False,True,False,False,1,
Manila City,406311,San Sebastian College - Recoletos,STEM|ABM|HUMSS|GAS|TVL,True,True,True,True,True,False,False,5,
Manila City,406323,Manuel L. Quezon University,ABM|STEM|HUMSS|TVL,True,True,True,False,True,False,False,4,
Manila City,406324,The National Teachers College,HUMSS|ABM|STEM|GAS|TVL,True,True,True,True,True,False,False,5,
Manila City,406327,The Nazarene Catholic School,ABM|STEM|HUMSS|GAS|TVL,True,True,True,True,True,False,False,5,
Manila City,406329,Saint Rita College-Manila,GAS,False,False,False,True,False,False,False,1,
Manila City,482069,Guzman College of Science and Technology,TVL,False,False,False,False,True,False,False,1,
Manila City,401141,ABE International College of Business and Economics-Manila,ABM|TVL,False,True,False,False,True,False,False,2,
Manila City,401143,"AMA Computer College-Sta. Mesa, Manila",ABM|GAS|HUMSS|TVL,False,True,True,True,True,False,False,4,
Manila City,401168,Far Eastern University High School,STEM|ABM|HUMSS|GAS|Arts and Design,True,True,True,True,False,True,False,5,
Manila City,401187,Informatics College-Manila,ABM|GAS|HUMSS,False,True,True,True,False,False,False,3,
Manila City,401195,Mary Chiles College,STEM|TVL,True,False,False,False,True,False,False,2,
Manila City,401259,Philippine School of Business Administration,ABM|HUMSS|GAS,False,True,True,True,False,False,False,3,
Manila City,401321,Makati Science Technological Institute of the Philippines,STEM|ABM|HUMSS|GAS,True,True,True,True,False,False,False,4,
Manila City,405679,"AMA Computer Learning Center of Morayta, Inc.",TVL,False,False,False,False,True,False,False,1,
Manila City,406306,Arellano University-Juan Sumulong Campus,GAS|ABM|HUMSS|STEM|Sports|Arts and Design|TVL,True,True,True,True,True,True,True,7,
Manila City,406312,Sta. Catalina College,GAS|HUMSS|ABM|TVL,False,True,True,True,True,False,False,4,
Manila City,406321,Central Institute of Technology,ABM|HUMSS|GAS,False,True,True,True,False,False,False,3,
Manila City,406337,"Maranatha Christian Academy of Manila, Inc.",GAS|TVL,False,False,False,True,True,False,False,2,
Manila City,406338,Holy Trinity Academy,STEM |HUMSS |ABM |GAS|TVL,True,True,True,True,True,False,False,5,
Manila City,406339,The University of Manila,ABM|STEM|HUMSS|GAS|TVL,True,True,True,True,True,False,False,5,
Manila City,406341,Nazareth School of National University,ABM|HUMSS|GAS|STEM,True,True,True,True,False,False,False,4,
Manila City,406342,"Dominican School, Sampaloc",STEM|ABM|HUMSS|Arts and Design|Sports,True,True,True,False,False,True,True,5,
Manila City,406343,Perpetual Help College of Manila,ABM|GAS|HUMSS|STEM|Arts and Design|Sports|TVL,True,True,True,True,True,True,True,7,
Manila City,406344,St. Jude College Manila,ABM|HUMSS|STEM|GAS|TVL,True,True,True,True,True,False,False,5,
Manila City,406350,Sacred Heart of Jesus Catholic School,STEM|HUMSS|ABM|GAS,True,True,True,True,False,False,False,4,
Manila City,406679,"Knowledge Distributor Educational System Institute, Inc.",TVL,False,False,False,False,True,False,False,1,
Manila City,482072,University of Santo Tomas,STEM|ABM|HUMSS|GAS|Sports|Arts and Design,True,True,True,True,False,True,True,6,
Manila City,482110,APEC Schools-España,GAS|ABM,False,True,False,True,False,False,False,2,
Manila City,482111,APEC Schools-G. Tuazon,GAS|ABM,False,True,False,True,False,False,False,2,
Manila City,600112,Polytechnic University of the Philippines,ABM|STEM|HUMSS|GAS|Arts and Design|Sports|TVL,True,True,True,True,True,True,True,7,
Manila City,(Blank),"Golden Success College, Inc.",GAS|ABM|TVL,False,True,False,True,True,False,False,3,
San Juan City,401649,Punlaan School,TVL,False,False,False,False,True,False,False,1,
San Juan City,405715,Hands-On International Services Inc.,ABM|TVL,False,True,False,False,True,False,False,2,
San Juan City,406615,Community of Learners School for Children,STEM|ABM|HUMSS|Arts and Design,True,True,True,False,False,True,False,4,
San Juan City,406877,Doro Deus Integrated School,GAS|ABM|TVL,False,True,False,True,True,False,False,3,
San Juan City,406950,"Immaculate Conception Academy, Greenhills",ABM|STEM|HUMSS|GAS,True,True,True,True,False,False,False,4,
San Juan City,406954,Xavier School,GAS|ABM|STEM|HUMSS,True,True,True,True,False,False,False,4,
San Juan City,406956,Aquinas School,STEM|ABM|HUMSS|GAS|Sports|Arts and Design,True,True,True,True,False,True,True,6,
San Juan City,406958,"Dominican College, San Juan",ABM|STEM|HUMSS|GAS,True,True,True,True,False,False,False,4,
San Juan City,406961,St. John the Baptist Catholic School,GAS|ABM|TVL,False,True,False,True,True,False,False,3,
San Juan City,406963,"Montessori De San Juan, Inc",ABM|HUMSS|GAS,False,True,True,True,False,False,False,3,
San Juan City,406965,Philippine Chen Kuang High School,STEM|ABM|HUMSS,True,True,True,False,False,False,False,3,
San Juan City,406970,St. John's Academy,HUMSS|GAS,False,False,True,True,False,False,False,2,
San Juan City,406971,Tabernacle of Faith Christian Academy,STEM,True,False,False,False,False,False,False,1,
San Juan City,482709,OB Montessori Center-San Juan City,GAS,False,False,False,True,False,False,False,1,
San Juan City,485541,Fountain International School,STEM|ABM|HUMSS,True,True,True,False,False,False,False,3,
Manila City,406380,St. Mary's Academy-Sta. Ana,STEM|ABM|GAS,True,True,False,True,False,False,False,3,
Manila City,482037,OB Montessori Center-Manila,GAS,False,False,False,True,False,False,False,1,
Manila City,482085,Jaime Cardinal Sin Learning Center,STEM|ABM|GAS|HUMSS|TVL,True,True,True,True,True,False,False,5,
Manila City,401182,Feati University,STEM|ABM|HUMSS,True,True,True,False,False,False,False,3,
Manila City,401215,"Metropolitan Medical Center College of Arts, Science and Technology",GAS|STEM|ABM|TVL,True,True,False,True,True,False,False,4,
Manila City,401290,San Beda College,STEM |HUMSS |ABM |GAS,True,True,True,True,False,False,False,4,
Manila City,401298,STI College - Recto,GAS|HUMSS|ABM|STEM|TVL,True,True,True,True,True,False,False,5,
Manila City,406302,Hope Christian High School,STEM|ABM|HUMSS|GAS|TVL,True,True,True,True,True,False,False,5,
Manila City,406304,"St. Mary's Academy Manila, Inc.",ABM|GAS|TVL,False,True,False,True,True,False,False,3,
Manila City,406313,"University of the East, Manila",GAS|ABM|STEM|HUMSS|Sports|TVL,True,True,True,True,True,False,True,6,
Manila City,406316,"Espiritu Santo Parochial School of Manila, Inc.",HUMSS|STEM|ABM|GAS|TVL,True,True,True,True,True,False,False,5,
Manila City,406325,Philippine College of Criminology,HUMSS|GAS,False,False,True,True,False,False,False,2,
Manila City,406328,Saint Jude Catholic School,ABM|STEM|HUMSS|GAS,True,True,True,True,False,False,False,4,
Manila City,406332,Philippine Academy of Sakya,GAS|ABM|HUMSS|STEM,True,True,True,True,False,False,False,4,
Manila City,406336,St. Stephen's High School-Manila,ABM|STEM,True,True,False,False,False,False,False,2,
Manila City,406412,St. Matthew of Blumentritt Institute of Technology,TVL,False,False,False,False,True,False,False,1,
Manila City,407478,Interface Computer College,GAS|ABM|HUMSS|TVL,False,True,True,True,True,False,False,4,
Manila City,408646,Manila Business College,ABM,False,True,False,False,False,False,False,1,
Taguig City,401660,Enderun Colleges,ABM,False,True,False,False,False,False,False,1,
Taguig City,401688,STI College - Global City,STEM|ABM|HUMSS|GAS|TVL,True,True,True,True,True,False,False,5,
Taguig City,401696,Treston International College,GAS|ABM|TVL,False,True,False,True,True,False,False,3,
Taguig City,405980,Asia Source College of Arts and Technology Inc.,ABM|TVL,False,True,False,False,True,False,False,2,
Taguig City,406083,Taguig City University,ABM|HUMSS,False,True,True,False,False,False,False,2,
Taguig City,406546,Saint Therese School of Technology of Taguig,TVL,False,False,False,False,True,False,False,1,
Taguig City,406692,Meridian International College,ABM|GAS|Arts and Design,False,True,False,True,False,True,False,3,
Taguig City,407242,Academia de San Bartolome de Taguig,STEM|ABM|TVL,True,True,False,False,True,False,False,3,
Taguig City,407243,Colegio de Santa Ana,ABM|TVL,False,True,False,False,True,False,False,2,
Taguig City,407250,St. Vincent Learning Center Inc.,ABM|HUMSS|TVL,False,True,True,False,True,False,False,3,
Taguig City,407252,Athens Academy,GAS|TVL,False,False,False,True,True,False,False,2,
Taguig City,407254,Bicutan Parochial School,GAS|HUMSS|TVL,False,False,True,True,True,False,False,3,
Taguig City,407258,"The Fisher Valley College, Inc.",STEM|ABM|HUMSS|GAS,True,True,True,True,False,False,False,4,
Taguig City,407263,"Gracel Christian College Foundation, Inc.",GAS|ABM,False,True,False,True,False,False,False,2,
Taguig City,407267,MCA Montessori School,GAS|ABM|HUMSS|TVL,False,True,True,True,True,False,False,4,
Taguig City,407269,Mt. Moriah Christian Academy,GAS|ABM|HUMSS,False,True,True,True,False,False,False,3,
Taguig City,407273,Saint Francis of Assisi College,STEM|HUMSS|GAS|ABM,True,True,True,True,False,False,False,4,
Taguig City,407275,St. Ives School,GAS|STEM|HUMSS|ABM,True,True,True,True,False,False,False,4,
Taguig City,407278,Sto. Niño Catholic School,STEM|HUMSS|GAS,True,False,True,True,False,False,False,3,
Taguig City,407288,Integrated Montessori Center,STEM|ABM|HUMSS,True,True,True,False,False,False,False,3,
Taguig City,407648,Innovatia Systems of Arts and Trade,TVL,False,False,False,False,True,False,False,1,
Taguig City,488011,Moreh Academy,ABM|GAS|STEM|HUMSS,True,True,True,True,False,False,False,4,
Taguig City,488014,"Noah's Academy, Inc.",ABM|HUMSS|GAS|Arts and Design|TVL,False,True,True,True,True,True,False,5,
Taguig City,488015,Centerville Academy,ABM|GAS|HUMSS|TVL,False,True,True,True,True,False,False,4,
Taguig City,488018,Learn and Explore Montessori School,ABM|HUMSS|GAS|TVL,False,True,True,True,True,False,False,4,
Taguig City,488019,Family Tabernacle of Jesus Christ Almighty Christian Academy,TVL,False,False,False,False,True,False,False,1,
Taguig City,488032,HSL-Braille College,GAS|ABM,False,True,False,True,False,False,False,2,
Taguig City,488033,MGC New Life Christian Academy,GAS|ABM|STEM|HUMSS,True,True,True,True,False,False,False,4,
Taguig City,488045,St. Uriel Academy of Taguig City,ABM|TVL,False,True,False,False,True,False,False,2,
Taguig City,488049,"St. Theodore School, Inc.",GAS,False,False,False,True,False,False,False,1,
Taguig City,488068,Monlimar Development Academy,ABM|GAS|TVL,False,True,False,True,True,False,False,3,
Taguig City,488070,Good Shepherd Academy of Taguig Inc.,STEM|GAS,True,False,False,True,False,False,False,2,
Taguig City,488081,"Asian Christian Theological School and Colleges, Inc.",TVL,False,False,False,False,True,False,False,1,
Taguig City,488083,Thy Covenant Montessori School,GAS|ABM|HUMSS|TVL,False,True,True,True,True,False,False,4,
Taguig City,488138,"St. Chamuel College, Inc.",TVL,False,False,False,False,True,False,False,1,
Taguig City,600206,Technological University of the Philippines-Taguig,STEM|TVL,True,False,False,False,True,False,False,2,
Manila City,401144,AMA Computer Learning Center of Northbay,TVL,False,False,False,False,True,False,False,1,
Manila City,406290,Immaculate Conception Academy of Manila,STEM|ABM|HUMSS|GAS,True,True,True,True,False,False,False,4,
Manila City,406291,"St. Joseph School, Tondo",GAS|ABM|HUMSS|STEM|TVL,True,True,True,True,True,False,False,5,
Manila City,406293,San Rafael Parochial School,GAS|TVL,False,False,False,True,True,False,False,2,
Manila City,406294,"Westminster High School, Inc.",ABM|GAS|HUMSS,False,True,True,True,False,False,False,3,
Manila City,406295,Manila Cathedral School,GAS|STEM|ABM|HUMSS |TVL,True,True,True,True,True,False,False,5,
Manila City,406298,Holy Child Catholic School,GAS|ABM|HUMSS|STEM|TVL,True,True,True,True,True,False,False,5,
Manila City,406301,Chiang Kai Shek College,STEM|ABM|HUMSS|Arts and Design|Sports|TVL,True,True,True,False,True,True,True,6,
Manila City,406303,Philippine Cultural College-Manila Campus,GAS|ABM|HUMSS|STEM,True,True,True,True,False,False,False,4,
Manila City,406305,Uno High School,ABM|STEM,True,True,False,False,False,False,False,2,
Manila City,406307,Holy Heart Christian Academy,ABM|HUMSS|GAS,False,True,True,True,False,False,False,3,
Manila City,482022,Gymnazo Christian Academy,STEM|ABM|HUMSS,True,True,True,False,False,False,False,3,
Manila City,482108,APEC Schools-Tondo,GAS|ABM,False,True,False,True,False,False,False,2,
Valenzuela City,401705,Pamantasan Lungsod ng Valenzuela,STEM|HUMSS|GAS|ABM|Arts and Design,True,True,True,True,False,True,False,5,
Valenzuela City,401709,Valenzuela City Polytechnic College,TVL,False,False,False,False,True,False,False,1,
Valenzuela City,405716,"EJIST-VALENZUELA, Inc.",TVL,False,False,False,False,True,False,False,1,
Valenzuela City,407038,Datamex College of Saint Adeline-Valenzuela City,STEM|ABM|GAS|HUMSS|TVL,True,True,True,True,True,False,False,5,
Valenzuela City,407153,Children of Mary Immaculate College,STEM|ABM|HUMSS|GAS,True,True,True,True,False,False,False,4,
Valenzuela City,407156,Divine Word Learning Center,GAS|ABM|HUMSS,False,True,True,True,False,False,False,3,
Valenzuela City,407161,La Consolacion College - Valenzuela,ABM|STEM|TVL,True,True,False,False,True,False,False,3,
Valenzuela City,407162,St. Louis College-Valenzuela,ABM|GAS|TVL,False,True,False,True,True,False,False,3,
Valenzuela City,407163,Saint Mary's Angels College of Valenzuela,HUMSS|ABM|STEM|TVL,True,True,True,False,True,False,False,4,
Valenzuela City,407166,"Emmaus Christian Schools, Inc.",ABM|GAS|HUMSS,False,True,True,True,False,False,False,3,
Valenzuela City,407172,San Diego Parochial School,STEM|ABM|HUMSS|GAS,True,True,True,True,False,False,False,4,
Valenzuela City,407178,"Bobby and Kates Academy, Inc",HUMSS|ABM|TVL,False,True,True,False,True,False,False,3,
Valenzuela City,407179,Charis Christian School of Val. Inc.,GAS,False,False,False,True,False,False,False,1,
Valenzuela City,407180,Christ's Ambassadors Christian Academy,GAS,False,False,False,True,False,False,False,1,
Valenzuela City,407184,Our Lady of Lourdes College,STEM|ABM|HUMSS|GAS|TVL,True,True,True,True,True,False,False,5,
Valenzuela City,407185,St. Bernadette College of Valenzuela,ABM|STEM|HUMSS|GAS|TVL,True,True,True,True,True,False,False,5,
Valenzuela City,407186,"St. Catherine College of Valenzuela, Inc.",ABM|HUMSS|STEM|GAS,True,True,True,True,False,False,False,4,
Valenzuela City,407187,St. Joseph Academy of Valenzuela,GAS|HUMSS|ABM,False,True,True,True,False,False,False,3,
Valenzuela City,407204,Valenzuela Christian School,ABM|GAS|Arts and Design|Sports,False,True,False,True,False,True,True,4,
Valenzuela City,407476,Corinthian School,HUMSS|ABM|GAS,False,True,True,True,False,False,False,3,
Valenzuela City,407477,"Divine Mercy College Foundation, Inc.-Annex",GAS|ABM,False,True,False,True,False,False,False,2,
Valenzuela City,487004,"Words of Wisdom Christian Academy, Inc.",GAS|ABM,False,True,False,True,False,False,False,2,
Valenzuela City,487005,New Prodon Academy of Valenzuela,ABM|TVL,False,True,False,False,True,False,False,2,
Valenzuela City,487014,"Messiah School Foundation, Inc",GAS|ABM,False,True,False,True,False,False,False,2,
Valenzuela City,487015,"St. Michael School of Canumay, Inc.",GAS|HUMSS|ABM,False,True,True,True,False,False,False,3,
Valenzuela City,487020,Nuestra Señora de Guia Academy,ABM|HUMSS|GAS,False,True,True,True,False,False,False,3,
Valenzuela City,487031,St. Gregory College of Valenzuela City,ABM|HUMSS|STEM|GAS,True,True,True,True,False,False,False,4,
Valenzuela City,487036,Sta. Cecilia College,ABM|HUMSS|GAS|TVL,False,True,True,True,True,False,False,4,
Valenzuela City,487048,Our Lady of Fatima University-Valenzuela City,GAS|ABM|STEM|HUMSS,True,True,True,True,False,False,False,4,
